label,family,visual_class,kind,reference_count,unique_source_count,visual_diversity_count,near_duplicate_pairs_cos085,mean_pairwise_cos,effective_rank,household_context_count,packaged_product_count,raw_count,cooked_count,opened_count,leftover_count,barcode_available,ocr_available,hard_negative_count,coverage_status,library_label,mapping
cutting board empty,non_food,non_food,non_food,0,0,0,0,,,NOT_ANNOTATED,0,0,0,NOT_ANNOTATED,NOT_ANNOTATED,False,False,0,MISSING,,
empty counter,non_food,non_food,non_food,0,0,0,0,,,NOT_ANNOTATED,0,0,0,NOT_ANNOTATED,NOT_ANNOTATED,False,False,0,MISSING,,
empty packaging,non_food,non_food,non_food,0,0,0,0,,,NOT_ANNOTATED,0,0,0,NOT_ANNOTATED,NOT_ANNOTATED,False,False,0,MISSING,,
empty plate,non_food,non_food,non_food,0,0,0,0,,,NOT_ANNOTATED,0,0,0,NOT_ANNOTATED,NOT_ANNOTATED,False,False,0,MISSING,,
human hand,non_food,non_food,non_food,0,0,0,0,,,NOT_ANNOTATED,0,0,0,NOT_ANNOTATED,NOT_ANNOTATED,False,False,0,MISSING,,
kitchen utensil,non_food,non_food,non_food,0,0,0,0,,,NOT_ANNOTATED,0,0,0,NOT_ANNOTATED,NOT_ANNOTATED,False,False,0,MISSING,,
non food object,non_food,non_food,non_food,20,18,20,0,0.1159,17.31,NOT_ANNOTATED,0,0,0,NOT_ANNOTATED,NOT_ANNOTATED,False,False,0,COVERED,non_food,GENERIC (library non_food is a pooled non-food class)
pet,non_food,non_food,non_food,0,0,0,0,,,NOT_ANNOTATED,0,0,0,NOT_ANNOTATED,NOT_ANNOTATED,False,False,0,MISSING,,
sink,non_food,non_food,non_food,0,0,0,0,,,NOT_ANNOTATED,0,0,0,NOT_ANNOTATED,NOT_ANNOTATED,False,False,0,MISSING,,
smartphone screen,non_food,non_food,non_food,0,0,0,0,,,NOT_ANNOTATED,0,0,0,NOT_ANNOTATED,NOT_ANNOTATED,False,False,0,MISSING,,
cardamom powder,ing:cardamom,packaged_food,ingredient,0,0,0,0,,,NOT_ANNOTATED,0,0,0,NOT_ANNOTATED,NOT_ANNOTATED,False,False,0,MISSING,,
chili paste,ing:chili,packaged_food,ingredient,0,0,0,0,,,NOT_ANNOTATED,0,0,0,NOT_ANNOTATED,NOT_ANNOTATED,False,False,0,MISSING,,
cinnamon powder,ing:cinnamon,packaged_food,ingredient,0,0,0,0,,,NOT_ANNOTATED,0,0,0,NOT_ANNOTATED,NOT_ANNOTATED,False,False,0,MISSING,,
clarified butter,ing:butter,packaged_food,ingredient,0,0,0,0,,,NOT_ANNOTATED,0,0,0,NOT_ANNOTATED,NOT_ANNOTATED,False,False,0,MISSING,,
coriander powder,ing:coriander,packaged_food,ingredient,0,0,0,0,,,NOT_ANNOTATED,0,0,0,NOT_ANNOTATED,NOT_ANNOTATED,False,False,0,MISSING,,
cumin powder,ing:cumin,packaged_food,ingredient,0,0,0,0,,,NOT_ANNOTATED,0,0,0,NOT_ANNOTATED,NOT_ANNOTATED,False,False,0,MISSING,,
garlic paste,ing:garlic,packaged_food,ingredient,0,0,0,0,,,NOT_ANNOTATED,0,0,0,NOT_ANNOTATED,NOT_ANNOTATED,False,False,0,MISSING,,
garlic powder,ing:garlic,packaged_food,ingredient,0,0,0,0,,,NOT_ANNOTATED,0,0,0,NOT_ANNOTATED,NOT_ANNOTATED,False,False,0,MISSING,,
ghee,ing:butter,packaged_food,ingredient,0,0,0,0,,,NOT_ANNOTATED,0,0,0,NOT_ANNOTATED,NOT_ANNOTATED,False,False,0,MISSING,,
ginger paste,ing:ginger,packaged_food,ingredient,0,0,0,0,,,NOT_ANNOTATED,0,0,0,NOT_ANNOTATED,NOT_ANNOTATED,False,False,0,MISSING,,
ginger powder,ing:ginger,packaged_food,ingredient,0,0,0,0,,,NOT_ANNOTATED,0,0,0,NOT_ANNOTATED,NOT_ANNOTATED,False,False,0,MISSING,,
ground ginger,ing:ginger,packaged_food,ingredient,0,0,0,0,,,NOT_ANNOTATED,0,0,0,NOT_ANNOTATED,NOT_ANNOTATED,False,False,0,MISSING,,
lemon juice,ing:lemon,packaged_food,ingredient,0,0,0,0,,,NOT_ANNOTATED,0,0,0,NOT_ANNOTATED,NOT_ANNOTATED,False,False,0,MISSING,,
lime juice,ing:lemon,packaged_food,ingredient,0,0,0,0,,,NOT_ANNOTATED,0,0,0,NOT_ANNOTATED,NOT_ANNOTATED,False,False,0,MISSING,,
turmeric powder,ing:turmeric,packaged_food,ingredient,0,0,0,0,,,NOT_ANNOTATED,0,0,0,NOT_ANNOTATED,NOT_ANNOTATED,False,False,0,MISSING,,
white pepper,ing:pepper,packaged_food,ingredient,0,0,0,0,,,NOT_ANNOTATED,0,0,0,NOT_ANNOTATED,NOT_ANNOTATED,False,False,0,MISSING,,
almond milk,ing:milk,packaged_food,packaged,0,0,0,0,,,NOT_ANNOTATED,0,0,0,NOT_ANNOTATED,NOT_ANNOTATED,False,False,0,MISSING,,
basmati rice bag,ing:rice,packaged_food,packaged,0,0,0,0,,,NOT_ANNOTATED,0,0,0,NOT_ANNOTATED,NOT_ANNOTATED,False,False,0,MISSING,,
bay leaf packet,ing:bay_leaf,packaged_food,packaged,0,0,0,0,,,NOT_ANNOTATED,0,0,0,NOT_ANNOTATED,NOT_ANNOTATED,False,False,0,MISSING,,
black pepper jar,ing:pepper,packaged_food,packaged,0,0,0,0,,,NOT_ANNOTATED,0,0,0,NOT_ANNOTATED,NOT_ANNOTATED,False,False,0,MISSING,,
brown rice bag,ing:rice,packaged_food,packaged,0,0,0,0,,,NOT_ANNOTATED,0,0,0,NOT_ANNOTATED,NOT_ANNOTATED,False,False,0,MISSING,,
butter stick packaged,ing:butter,packaged_food,packaged,0,0,0,0,,,NOT_ANNOTATED,0,0,0,NOT_ANNOTATED,NOT_ANNOTATED,False,False,0,MISSING,,
canned chickpea,ing:chickpea,packaged_food,packaged,0,0,0,0,,,NOT_ANNOTATED,0,0,0,NOT_ANNOTATED,NOT_ANNOTATED,False,False,0,MISSING,,
canned fish,ing:fish,packaged_food,packaged,0,0,0,0,,,NOT_ANNOTATED,0,0,0,NOT_ANNOTATED,NOT_ANNOTATED,False,False,0,MISSING,,
canned lentil,ing:lentil,packaged_food,packaged,0,0,0,0,,,NOT_ANNOTATED,0,0,0,NOT_ANNOTATED,NOT_ANNOTATED,False,False,0,MISSING,,
canned mushroom,ing:mushroom,packaged_food,packaged,0,0,0,0,,,NOT_ANNOTATED,0,0,0,NOT_ANNOTATED,NOT_ANNOTATED,False,False,0,MISSING,,
canned tomato,ing:tomato,packaged_food,packaged,0,0,0,0,,,NOT_ANNOTATED,0,0,0,NOT_ANNOTATED,NOT_ANNOTATED,False,False,0,MISSING,,
canned tomato sauce,ing:tomato,packaged_food,packaged,0,0,0,0,,,NOT_ANNOTATED,0,0,0,NOT_ANNOTATED,NOT_ANNOTATED,False,False,0,MISSING,,
cardamom powder jar,ing:cardamom,packaged_food,packaged,0,0,0,0,,,NOT_ANNOTATED,0,0,0,NOT_ANNOTATED,NOT_ANNOTATED,False,False,0,MISSING,,
cheddar packaged,ing:cheese,packaged_food,packaged,0,0,0,0,,,NOT_ANNOTATED,0,0,0,NOT_ANNOTATED,NOT_ANNOTATED,False,False,0,MISSING,,
cheese block packaged,ing:cheese,packaged_food,packaged,0,0,0,0,,,NOT_ANNOTATED,0,0,0,NOT_ANNOTATED,NOT_ANNOTATED,False,False,0,MISSING,,
chicken breast packaged,ing:chicken,packaged_food,packaged,0,0,0,0,,,NOT_ANNOTATED,0,0,0,NOT_ANNOTATED,NOT_ANNOTATED,False,False,0,MISSING,,
chickpea can,ing:chickpea,packaged_food,packaged,0,0,0,0,,,NOT_ANNOTATED,0,0,0,NOT_ANNOTATED,NOT_ANNOTATED,False,False,0,MISSING,,
chili powder jar,ing:chili,packaged_food,packaged,0,0,0,0,,,NOT_ANNOTATED,0,0,0,NOT_ANNOTATED,NOT_ANNOTATED,False,False,0,MISSING,,
chili sauce bottle,ing:chili,packaged_food,packaged,0,0,0,0,,,NOT_ANNOTATED,0,0,0,NOT_ANNOTATED,NOT_ANNOTATED,False,False,0,MISSING,,
cinnamon powder jar,ing:cinnamon,packaged_food,packaged,0,0,0,0,,,NOT_ANNOTATED,0,0,0,NOT_ANNOTATED,NOT_ANNOTATED,False,False,0,MISSING,,
coriander powder jar,ing:coriander,packaged_food,packaged,0,0,0,0,,,NOT_ANNOTATED,0,0,0,NOT_ANNOTATED,NOT_ANNOTATED,False,False,0,MISSING,,
cream carton,ing:cream,packaged_food,packaged,0,0,0,0,,,NOT_ANNOTATED,0,0,0,NOT_ANNOTATED,NOT_ANNOTATED,False,False,0,MISSING,,
cumin powder jar,ing:cumin,packaged_food,packaged,0,0,0,0,,,NOT_ANNOTATED,0,0,0,NOT_ANNOTATED,NOT_ANNOTATED,False,False,0,MISSING,,
dark soy sauce,ing:soy_sauce,packaged_food,packaged,0,0,0,0,,,NOT_ANNOTATED,0,0,0,NOT_ANNOTATED,NOT_ANNOTATED,False,False,0,MISSING,,
egg carton,ing:egg,packaged_food,packaged,0,0,0,0,,,NOT_ANNOTATED,0,0,0,NOT_ANNOTATED,NOT_ANNOTATED,False,False,0,MISSING,,
egg tray,ing:egg,packaged_food,packaged,0,0,0,0,,,NOT_ANNOTATED,0,0,0,NOT_ANNOTATED,NOT_ANNOTATED,False,False,0,MISSING,,
flour bag,ing:flour,packaged_food,packaged,0,0,0,0,,,NOT_ANNOTATED,0,0,0,NOT_ANNOTATED,NOT_ANNOTATED,False,False,0,MISSING,,
frozen chicken,ing:chicken,packaged_food,packaged,0,0,0,0,,,NOT_ANNOTATED,0,0,0,NOT_ANNOTATED,NOT_ANNOTATED,False,False,0,MISSING,,
frozen fish,ing:fish,packaged_food,packaged,0,0,0,0,,,NOT_ANNOTATED,0,0,0,NOT_ANNOTATED,NOT_ANNOTATED,False,False,0,MISSING,,
frozen potato,ing:potato,packaged_food,packaged,0,0,0,0,,,NOT_ANNOTATED,0,0,0,NOT_ANNOTATED,NOT_ANNOTATED,False,False,0,MISSING,,
garam masala jar,ing:garam_masala,packaged_food,packaged,0,0,0,0,,,NOT_ANNOTATED,0,0,0,NOT_ANNOTATED,NOT_ANNOTATED,False,False,0,MISSING,,
garlic powder jar,ing:garlic,packaged_food,packaged,0,0,0,0,,,NOT_ANNOTATED,0,0,0,NOT_ANNOTATED,NOT_ANNOTATED,False,False,0,MISSING,,
ghee jar,ing:butter,packaged_food,packaged,0,0,0,0,,,NOT_ANNOTATED,0,0,0,NOT_ANNOTATED,NOT_ANNOTATED,False,False,0,MISSING,,
ginger powder jar,ing:ginger,packaged_food,packaged,0,0,0,0,,,NOT_ANNOTATED,0,0,0,NOT_ANNOTATED,NOT_ANNOTATED,False,False,0,MISSING,,
greek yogurt,ing:yogurt,packaged_food,packaged,0,0,0,0,,,NOT_ANNOTATED,0,0,0,NOT_ANNOTATED,NOT_ANNOTATED,False,False,0,MISSING,,
lentil packet dry,ing:lentil,packaged_food,packaged,0,0,0,0,,,NOT_ANNOTATED,0,0,0,NOT_ANNOTATED,NOT_ANNOTATED,False,False,0,MISSING,,
light soy sauce,ing:soy_sauce,packaged_food,packaged,0,0,0,0,,,NOT_ANNOTATED,0,0,0,NOT_ANNOTATED,NOT_ANNOTATED,False,False,0,MISSING,,
milk carton,ing:milk,packaged_food,packaged,0,0,0,0,,,NOT_ANNOTATED,0,0,0,NOT_ANNOTATED,NOT_ANNOTATED,False,False,0,MISSING,,
mozzarella packaged,ing:cheese,packaged_food,packaged,0,0,0,0,,,NOT_ANNOTATED,0,0,0,NOT_ANNOTATED,NOT_ANNOTATED,False,False,0,MISSING,,
mushroom punnet,ing:mushroom,packaged_food,packaged,0,0,0,0,,,NOT_ANNOTATED,0,0,0,NOT_ANNOTATED,NOT_ANNOTATED,False,False,0,MISSING,,
oat milk,ing:milk,packaged_food,packaged,0,0,0,0,,,NOT_ANNOTATED,0,0,0,NOT_ANNOTATED,NOT_ANNOTATED,False,False,0,MISSING,,
packaged butter,ing:butter,packaged_food,packaged,0,0,0,0,,,NOT_ANNOTATED,0,0,0,NOT_ANNOTATED,NOT_ANNOTATED,False,False,0,MISSING,,
packaged cheese,ing:cheese,packaged_food,packaged,13,6,13,0,0.1526,10.39,NOT_ANNOTATED,13,0,0,NOT_ANNOTATED,NOT_ANNOTATED,False,False,1,PARTIAL,packaged_cheese,EXACT
packaged milk,ing:milk,packaged_food,packaged,0,0,0,0,,,NOT_ANNOTATED,0,0,0,NOT_ANNOTATED,NOT_ANNOTATED,False,False,0,MISSING,,
packaged yogurt,ing:yogurt,packaged_food,packaged,0,0,0,0,,,NOT_ANNOTATED,0,0,0,NOT_ANNOTATED,NOT_ANNOTATED,False,False,0,MISSING,,
parmesan packaged,ing:cheese,packaged_food,packaged,0,0,0,0,,,NOT_ANNOTATED,0,0,0,NOT_ANNOTATED,NOT_ANNOTATED,False,False,0,MISSING,,
passata bottle,ing:tomato,packaged_food,packaged,0,0,0,0,,,NOT_ANNOTATED,0,0,0,NOT_ANNOTATED,NOT_ANNOTATED,False,False,0,MISSING,,
pasta packet,ing:pasta,packaged_food,packaged,0,0,0,0,,,NOT_ANNOTATED,0,0,0,NOT_ANNOTATED,NOT_ANNOTATED,False,False,0,MISSING,,
rice bag,ing:rice,packaged_food,packaged,0,0,0,0,,,NOT_ANNOTATED,0,0,0,NOT_ANNOTATED,NOT_ANNOTATED,False,False,0,MISSING,,
soy sauce bottle,ing:soy_sauce,packaged_food,packaged,0,0,0,0,,,NOT_ANNOTATED,0,0,0,NOT_ANNOTATED,NOT_ANNOTATED,False,False,0,MISSING,,
tomato paste,ing:tomato,packaged_food,packaged,17,13,14,1,0.1157,12.16,NOT_ANNOTATED,17,0,0,NOT_ANNOTATED,NOT_ANNOTATED,False,False,1,COVERED,tomato_paste,EXACT
tomato paste tube,ing:tomato,packaged_food,packaged,0,0,0,0,,,NOT_ANNOTATED,0,0,0,NOT_ANNOTATED,NOT_ANNOTATED,False,False,0,MISSING,,
tomato puree,ing:tomato,packaged_food,packaged,0,0,0,0,,,NOT_ANNOTATED,0,0,0,NOT_ANNOTATED,NOT_ANNOTATED,False,False,0,MISSING,,
tomato sauce,ing:tomato,packaged_food,packaged,0,0,0,0,,,NOT_ANNOTATED,0,0,0,NOT_ANNOTATED,NOT_ANNOTATED,False,False,0,MISSING,,
turmeric powder jar,ing:turmeric,packaged_food,packaged,0,0,0,0,,,NOT_ANNOTATED,0,0,0,NOT_ANNOTATED,NOT_ANNOTATED,False,False,0,MISSING,,
yogurt pot,ing:yogurt,packaged_food,packaged,0,0,0,0,,,NOT_ANNOTATED,0,0,0,NOT_ANNOTATED,NOT_ANNOTATED,False,False,0,MISSING,,
biryani,meal:biryani,prepared_meal,meal,20,16,20,0,0.2688,16.3,NOT_ANNOTATED,0,0,20,NOT_ANNOTATED,NOT_ANNOTATED,False,False,1,COVERED,biryani,EXACT
cheese pizza,meal:pizza,prepared_meal,meal,0,0,0,0,,,NOT_ANNOTATED,0,0,0,NOT_ANNOTATED,NOT_ANNOTATED,False,False,0,MISSING,,
chicken biryani,meal:biryani,prepared_meal,meal,0,0,0,0,,,NOT_ANNOTATED,0,0,0,NOT_ANNOTATED,NOT_ANNOTATED,False,False,0,MISSING,,
daal tadka,meal:dal_tadka,prepared_meal,meal,0,0,0,0,,,NOT_ANNOTATED,0,0,0,NOT_ANNOTATED,NOT_ANNOTATED,False,False,0,MISSING,,
dal,meal:dal_tadka,prepared_meal,meal,0,0,0,0,,,NOT_ANNOTATED,0,0,0,NOT_ANNOTATED,NOT_ANNOTATED,False,False,0,MISSING,,
dal tadka,meal:dal_tadka,prepared_meal,meal,0,0,0,0,,,NOT_ANNOTATED,0,0,0,NOT_ANNOTATED,NOT_ANNOTATED,False,False,0,MISSING,,
dosa,meal:dosa,prepared_meal,meal,0,0,0,0,,,NOT_ANNOTATED,0,0,0,NOT_ANNOTATED,NOT_ANNOTATED,False,False,0,MISSING,,
margherita pizza,meal:pizza,prepared_meal,meal,0,0,0,0,,,NOT_ANNOTATED,0,0,0,NOT_ANNOTATED,NOT_ANNOTATED,False,False,0,MISSING,,
masala dosa,meal:dosa,prepared_meal,meal,0,0,0,0,,,NOT_ANNOTATED,0,0,0,NOT_ANNOTATED,NOT_ANNOTATED,False,False,0,MISSING,,
mutton biryani,meal:biryani,prepared_meal,meal,0,0,0,0,,,NOT_ANNOTATED,0,0,0,NOT_ANNOTATED,NOT_ANNOTATED,False,False,0,MISSING,,
penne arrabbiata,meal:pasta,prepared_meal,meal,0,0,0,0,,,NOT_ANNOTATED,0,0,0,NOT_ANNOTATED,NOT_ANNOTATED,False,False,0,MISSING,,
pizza,meal:pizza,prepared_meal,meal,20,19,8,0,0.6149,13.64,NOT_ANNOTATED,0,0,20,NOT_ANNOTATED,NOT_ANNOTATED,False,False,0,COVERED,pizza,EXACT
plain dosa,meal:dosa,prepared_meal,meal,0,0,0,0,,,NOT_ANNOTATED,0,0,0,NOT_ANNOTATED,NOT_ANNOTATED,False,False,0,MISSING,,
prepared pasta,meal:pasta,prepared_meal,meal,20,16,16,0,0.3389,13.83,NOT_ANNOTATED,0,0,20,NOT_ANNOTATED,NOT_ANNOTATED,False,False,0,COVERED,pasta,STATE_QUALIFIED (library pasta is state=plated; taxonomy 'pasta' is raw)
spaghetti bolognese,meal:pasta,prepared_meal,meal,0,0,0,0,,,NOT_ANNOTATED,0,0,0,NOT_ANNOTATED,NOT_ANNOTATED,False,False,0,MISSING,,
tarka dal,meal:dal_tadka,prepared_meal,meal,0,0,0,0,,,NOT_ANNOTATED,0,0,0,NOT_ANNOTATED,NOT_ANNOTATED,False,False,0,MISSING,,
veg biryani,meal:biryani,prepared_meal,meal,0,0,0,0,,,NOT_ANNOTATED,0,0,0,NOT_ANNOTATED,NOT_ANNOTATED,False,False,0,MISSING,,
all purpose flour,ing:flour,raw_ingredient,ingredient,0,0,0,0,,,NOT_ANNOTATED,0,0,0,NOT_ANNOTATED,NOT_ANNOTATED,False,False,0,MISSING,,
baby potatoes,ing:potato,raw_ingredient,ingredient,0,0,0,0,,,NOT_ANNOTATED,0,0,0,NOT_ANNOTATED,NOT_ANNOTATED,False,False,0,MISSING,,
basmati rice,ing:rice,raw_ingredient,ingredient,0,0,0,0,,,NOT_ANNOTATED,0,0,0,NOT_ANNOTATED,NOT_ANNOTATED,False,False,0,MISSING,,
bay leaf,ing:bay_leaf,raw_ingredient,ingredient,0,0,0,0,,,NOT_ANNOTATED,0,0,0,NOT_ANNOTATED,NOT_ANNOTATED,False,False,0,MISSING,,
bay leaves,ing:bay_leaf,raw_ingredient,ingredient,0,0,0,0,,,NOT_ANNOTATED,0,0,0,NOT_ANNOTATED,NOT_ANNOTATED,False,False,0,MISSING,,
bell pepper,ing:bell_pepper,raw_ingredient,ingredient,0,0,0,0,,,NOT_ANNOTATED,0,0,0,NOT_ANNOTATED,NOT_ANNOTATED,False,False,0,MISSING,,
black pepper,ing:pepper,raw_ingredient,ingredient,0,0,0,0,,,NOT_ANNOTATED,0,0,0,NOT_ANNOTATED,NOT_ANNOTATED,False,False,0,MISSING,,
black peppercorns,ing:pepper,raw_ingredient,ingredient,0,0,0,0,,,NOT_ANNOTATED,0,0,0,NOT_ANNOTATED,NOT_ANNOTATED,False,False,0,MISSING,,
boiled egg,ing:egg,raw_ingredient,ingredient,0,0,0,0,,,NOT_ANNOTATED,0,0,0,NOT_ANNOTATED,NOT_ANNOTATED,False,False,0,MISSING,,
brown rice,ing:rice,raw_ingredient,ingredient,0,0,0,0,,,NOT_ANNOTATED,0,0,0,NOT_ANNOTATED,NOT_ANNOTATED,False,False,0,MISSING,,
butter,ing:butter,raw_ingredient,ingredient,0,0,0,0,,,NOT_ANNOTATED,0,0,0,NOT_ANNOTATED,NOT_ANNOTATED,False,False,0,MISSING,,
button mushroom,ing:mushroom,raw_ingredient,ingredient,0,0,0,0,,,NOT_ANNOTATED,0,0,0,NOT_ANNOTATED,NOT_ANNOTATED,False,False,0,MISSING,,
capsicum,ing:bell_pepper,raw_ingredient,ingredient,0,0,0,0,,,NOT_ANNOTATED,0,0,0,NOT_ANNOTATED,NOT_ANNOTATED,False,False,0,MISSING,,
cardamom,ing:cardamom,raw_ingredient,ingredient,0,0,0,0,,,NOT_ANNOTATED,0,0,0,NOT_ANNOTATED,NOT_ANNOTATED,False,False,0,MISSING,,
cheddar,ing:cheese,raw_ingredient,ingredient,0,0,0,0,,,NOT_ANNOTATED,0,0,0,NOT_ANNOTATED,NOT_ANNOTATED,False,False,0,MISSING,,
cheese,ing:cheese,raw_ingredient,ingredient,20,10,20,0,0.2831,15.3,NOT_ANNOTATED,0,20,0,NOT_ANNOTATED,NOT_ANNOTATED,False,False,1,COVERED,cheese,EXACT
cherry tomatoes,ing:tomato,raw_ingredient,ingredient,0,0,0,0,,,NOT_ANNOTATED,0,0,0,NOT_ANNOTATED,NOT_ANNOTATED,False,False,0,MISSING,,
chicken,ing:chicken,raw_ingredient,ingredient,0,0,0,0,,,NOT_ANNOTATED,0,0,0,NOT_ANNOTATED,NOT_ANNOTATED,False,False,0,MISSING,,
chicken breast,ing:chicken,raw_ingredient,ingredient,0,0,0,0,,,NOT_ANNOTATED,0,0,0,NOT_ANNOTATED,NOT_ANNOTATED,False,False,0,MISSING,,
chicken drumstick,ing:chicken,raw_ingredient,ingredient,0,0,0,0,,,NOT_ANNOTATED,0,0,0,NOT_ANNOTATED,NOT_ANNOTATED,False,False,0,MISSING,,
chicken thigh,ing:chicken,raw_ingredient,ingredient,0,0,0,0,,,NOT_ANNOTATED,0,0,0,NOT_ANNOTATED,NOT_ANNOTATED,False,False,0,MISSING,,
chicken wings,ing:chicken,raw_ingredient,ingredient,0,0,0,0,,,NOT_ANNOTATED,0,0,0,NOT_ANNOTATED,NOT_ANNOTATED,False,False,0,MISSING,,
chickpea,ing:chickpea,raw_ingredient,ingredient,0,0,0,0,,,NOT_ANNOTATED,0,0,0,NOT_ANNOTATED,NOT_ANNOTATED,False,False,0,MISSING,,
chili,ing:chili,raw_ingredient,ingredient,0,0,0,0,,,NOT_ANNOTATED,0,0,0,NOT_ANNOTATED,NOT_ANNOTATED,False,False,0,MISSING,,
cilantro,ing:coriander,raw_ingredient,ingredient,0,0,0,0,,,NOT_ANNOTATED,0,0,0,NOT_ANNOTATED,NOT_ANNOTATED,False,False,1,MISSING,,
cinnamon,ing:cinnamon,raw_ingredient,ingredient,0,0,0,0,,,NOT_ANNOTATED,0,0,0,NOT_ANNOTATED,NOT_ANNOTATED,False,False,0,MISSING,,
cinnamon stick,ing:cinnamon,raw_ingredient,ingredient,0,0,0,0,,,NOT_ANNOTATED,0,0,0,NOT_ANNOTATED,NOT_ANNOTATED,False,False,0,MISSING,,
cod,ing:fish,raw_ingredient,ingredient,0,0,0,0,,,NOT_ANNOTATED,0,0,0,NOT_ANNOTATED,NOT_ANNOTATED,False,False,0,MISSING,,
cooked chicken breast,ing:chicken,raw_ingredient,ingredient,0,0,0,0,,,NOT_ANNOTATED,0,0,0,NOT_ANNOTATED,NOT_ANNOTATED,False,False,0,MISSING,,
cooked chicken drumstick,ing:chicken,raw_ingredient,ingredient,0,0,0,0,,,NOT_ANNOTATED,0,0,0,NOT_ANNOTATED,NOT_ANNOTATED,False,False,0,MISSING,,
cooked chicken thigh,ing:chicken,raw_ingredient,ingredient,0,0,0,0,,,NOT_ANNOTATED,0,0,0,NOT_ANNOTATED,NOT_ANNOTATED,False,False,0,MISSING,,
cooked chicken wings,ing:chicken,raw_ingredient,ingredient,0,0,0,0,,,NOT_ANNOTATED,0,0,0,NOT_ANNOTATED,NOT_ANNOTATED,False,False,0,MISSING,,
cooked chickpea,ing:chickpea,raw_ingredient,ingredient,0,0,0,0,,,NOT_ANNOTATED,0,0,0,NOT_ANNOTATED,NOT_ANNOTATED,False,False,0,MISSING,,
cooked egg,ing:egg,raw_ingredient,ingredient,0,0,0,0,,,NOT_ANNOTATED,0,0,0,NOT_ANNOTATED,NOT_ANNOTATED,False,False,0,MISSING,,
cooked lentil,ing:lentil,raw_ingredient,ingredient,0,0,0,0,,,NOT_ANNOTATED,0,0,0,NOT_ANNOTATED,NOT_ANNOTATED,False,False,0,MISSING,,
cooked pasta,ing:pasta,raw_ingredient,ingredient,0,0,0,0,,,NOT_ANNOTATED,0,0,0,NOT_ANNOTATED,NOT_ANNOTATED,False,False,0,MISSING,,
cooked potato,ing:potato,raw_ingredient,ingredient,0,0,0,0,,,NOT_ANNOTATED,0,0,0,NOT_ANNOTATED,NOT_ANNOTATED,False,False,0,MISSING,,
cooked rice,ing:rice,raw_ingredient,ingredient,19,16,17,0,0.331,12.79,NOT_ANNOTATED,0,0,19,NOT_ANNOTATED,NOT_ANNOTATED,False,False,0,COVERED,rice,STATE_QUALIFIED (library rice is state=cooked; taxonomy 'rice' is raw)
coriander,ing:coriander,raw_ingredient,ingredient,0,0,0,0,,,NOT_ANNOTATED,0,0,0,NOT_ANNOTATED,NOT_ANNOTATED,False,False,1,MISSING,,
coriander leaves,ing:coriander,raw_ingredient,ingredient,0,0,0,0,,,NOT_ANNOTATED,0,0,0,NOT_ANNOTATED,NOT_ANNOTATED,False,False,0,MISSING,,
cream,ing:cream,raw_ingredient,ingredient,20,12,18,0,0.1969,15.06,NOT_ANNOTATED,0,20,0,NOT_ANNOTATED,NOT_ANNOTATED,False,False,1,COVERED,cream,EXACT
cumin,ing:cumin,raw_ingredient,ingredient,0,0,0,0,,,NOT_ANNOTATED,0,0,0,NOT_ANNOTATED,NOT_ANNOTATED,False,False,0,MISSING,,
cumin seeds,ing:cumin,raw_ingredient,ingredient,0,0,0,0,,,NOT_ANNOTATED,0,0,0,NOT_ANNOTATED,NOT_ANNOTATED,False,False,0,MISSING,,
curd,ing:yogurt,raw_ingredient,ingredient,0,0,0,0,,,NOT_ANNOTATED,0,0,0,NOT_ANNOTATED,NOT_ANNOTATED,False,False,0,MISSING,,
egg,ing:egg,raw_ingredient,ingredient,0,0,0,0,,,NOT_ANNOTATED,0,0,0,NOT_ANNOTATED,NOT_ANNOTATED,False,False,0,MISSING,,
egg white,ing:egg,raw_ingredient,ingredient,0,0,0,0,,,NOT_ANNOTATED,0,0,0,NOT_ANNOTATED,NOT_ANNOTATED,False,False,0,MISSING,,
egg yolk,ing:egg,raw_ingredient,ingredient,0,0,0,0,,,NOT_ANNOTATED,0,0,0,NOT_ANNOTATED,NOT_ANNOTATED,False,False,0,MISSING,,
fish,ing:fish,raw_ingredient,ingredient,0,0,0,0,,,NOT_ANNOTATED,0,0,0,NOT_ANNOTATED,NOT_ANNOTATED,False,False,0,MISSING,,
flour,ing:flour,raw_ingredient,ingredient,0,0,0,0,,,NOT_ANNOTATED,0,0,0,NOT_ANNOTATED,NOT_ANNOTATED,False,False,0,MISSING,,
fresh ginger,ing:ginger,raw_ingredient,ingredient,0,0,0,0,,,NOT_ANNOTATED,0,0,0,NOT_ANNOTATED,NOT_ANNOTATED,False,False,0,MISSING,,
fried egg,ing:egg,raw_ingredient,ingredient,0,0,0,0,,,NOT_ANNOTATED,0,0,0,NOT_ANNOTATED,NOT_ANNOTATED,False,False,0,MISSING,,
fried onion,ing:onion,raw_ingredient,ingredient,0,0,0,0,,,NOT_ANNOTATED,0,0,0,NOT_ANNOTATED,NOT_ANNOTATED,False,False,1,MISSING,,
fusilli,ing:pasta,raw_ingredient,ingredient,0,0,0,0,,,NOT_ANNOTATED,0,0,0,NOT_ANNOTATED,NOT_ANNOTATED,False,False,0,MISSING,,
garam masala,ing:garam_masala,raw_ingredient,ingredient,0,0,0,0,,,NOT_ANNOTATED,0,0,0,NOT_ANNOTATED,NOT_ANNOTATED,False,False,0,MISSING,,
garlic,ing:garlic,raw_ingredient,ingredient,20,18,15,0,0.4554,13.81,NOT_ANNOTATED,0,20,0,NOT_ANNOTATED,NOT_ANNOTATED,False,False,0,COVERED,garlic,EXACT
garlic cloves,ing:garlic,raw_ingredient,ingredient,0,0,0,0,,,NOT_ANNOTATED,0,0,0,NOT_ANNOTATED,NOT_ANNOTATED,False,False,0,MISSING,,
ginger,ing:ginger,raw_ingredient,ingredient,20,13,12,0,0.341,12.8,NOT_ANNOTATED,0,20,0,NOT_ANNOTATED,NOT_ANNOTATED,False,False,0,COVERED,ginger,EXACT
green cardamom,ing:cardamom,raw_ingredient,ingredient,0,0,0,0,,,NOT_ANNOTATED,0,0,0,NOT_ANNOTATED,NOT_ANNOTATED,False,False,0,MISSING,,
green chilli,ing:chili,raw_ingredient,ingredient,0,0,0,0,,,NOT_ANNOTATED,0,0,0,NOT_ANNOTATED,NOT_ANNOTATED,False,False,0,MISSING,,
green lentil,ing:lentil,raw_ingredient,ingredient,0,0,0,0,,,NOT_ANNOTATED,0,0,0,NOT_ANNOTATED,NOT_ANNOTATED,False,False,0,MISSING,,
green pepper,ing:bell_pepper,raw_ingredient,ingredient,0,0,0,0,,,NOT_ANNOTATED,0,0,0,NOT_ANNOTATED,NOT_ANNOTATED,False,False,0,MISSING,,
jalapeno,ing:chili,raw_ingredient,ingredient,0,0,0,0,,,NOT_ANNOTATED,0,0,0,NOT_ANNOTATED,NOT_ANNOTATED,False,False,0,MISSING,,
jasmine rice,ing:rice,raw_ingredient,ingredient,0,0,0,0,,,NOT_ANNOTATED,0,0,0,NOT_ANNOTATED,NOT_ANNOTATED,False,False,0,MISSING,,
lemon,ing:lemon,raw_ingredient,ingredient,0,0,0,0,,,NOT_ANNOTATED,0,0,0,NOT_ANNOTATED,NOT_ANNOTATED,False,False,0,MISSING,,
lentil,ing:lentil,raw_ingredient,ingredient,0,0,0,0,,,NOT_ANNOTATED,0,0,0,NOT_ANNOTATED,NOT_ANNOTATED,False,False,0,MISSING,,
lettuce,ing:lettuce,raw_ingredient,ingredient,0,0,0,0,,,NOT_ANNOTATED,0,0,0,NOT_ANNOTATED,NOT_ANNOTATED,False,False,1,MISSING,,
lime,ing:lemon,raw_ingredient,ingredient,0,0,0,0,,,NOT_ANNOTATED,0,0,0,NOT_ANNOTATED,NOT_ANNOTATED,False,False,0,MISSING,,
macaroni,ing:pasta,raw_ingredient,ingredient,0,0,0,0,,,NOT_ANNOTATED,0,0,0,NOT_ANNOTATED,NOT_ANNOTATED,False,False,0,MISSING,,
maida,ing:flour,raw_ingredient,ingredient,0,0,0,0,,,NOT_ANNOTATED,0,0,0,NOT_ANNOTATED,NOT_ANNOTATED,False,False,0,MISSING,,
milk,ing:milk,raw_ingredient,ingredient,0,0,0,0,,,NOT_ANNOTATED,0,0,0,NOT_ANNOTATED,NOT_ANNOTATED,False,False,0,MISSING,,
minced garlic,ing:garlic,raw_ingredient,ingredient,0,0,0,0,,,NOT_ANNOTATED,0,0,0,NOT_ANNOTATED,NOT_ANNOTATED,False,False,0,MISSING,,
mozzarella,ing:cheese,raw_ingredient,ingredient,0,0,0,0,,,NOT_ANNOTATED,0,0,0,NOT_ANNOTATED,NOT_ANNOTATED,False,False,0,MISSING,,
mushroom,ing:mushroom,raw_ingredient,ingredient,0,0,0,0,,,NOT_ANNOTATED,0,0,0,NOT_ANNOTATED,NOT_ANNOTATED,False,False,0,MISSING,,
new potato,ing:potato,raw_ingredient,ingredient,0,0,0,0,,,NOT_ANNOTATED,0,0,0,NOT_ANNOTATED,NOT_ANNOTATED,False,False,0,MISSING,,
onion,ing:onion,raw_ingredient,ingredient,0,0,0,0,,,NOT_ANNOTATED,0,0,0,NOT_ANNOTATED,NOT_ANNOTATED,False,False,1,MISSING,,
parmesan,ing:cheese,raw_ingredient,ingredient,0,0,0,0,,,NOT_ANNOTATED,0,0,0,NOT_ANNOTATED,NOT_ANNOTATED,False,False,0,MISSING,,
parsley,ing:parsley,raw_ingredient,ingredient,0,0,0,0,,,NOT_ANNOTATED,0,0,0,NOT_ANNOTATED,NOT_ANNOTATED,False,False,2,MISSING,,
pasta,ing:pasta,raw_ingredient,ingredient,0,0,0,0,,,NOT_ANNOTATED,0,0,0,NOT_ANNOTATED,NOT_ANNOTATED,False,False,0,MISSING,,
penne,ing:pasta,raw_ingredient,ingredient,0,0,0,0,,,NOT_ANNOTATED,0,0,0,NOT_ANNOTATED,NOT_ANNOTATED,False,False,0,MISSING,,
pepper,ing:pepper,raw_ingredient,ingredient,0,0,0,0,,,NOT_ANNOTATED,0,0,0,NOT_ANNOTATED,NOT_ANNOTATED,False,False,0,MISSING,,
plain flour,ing:flour,raw_ingredient,ingredient,0,0,0,0,,,NOT_ANNOTATED,0,0,0,NOT_ANNOTATED,NOT_ANNOTATED,False,False,0,MISSING,,
plain yogurt,ing:yogurt,raw_ingredient,ingredient,0,0,0,0,,,NOT_ANNOTATED,0,0,0,NOT_ANNOTATED,NOT_ANNOTATED,False,False,0,MISSING,,
portobello,ing:mushroom,raw_ingredient,ingredient,0,0,0,0,,,NOT_ANNOTATED,0,0,0,NOT_ANNOTATED,NOT_ANNOTATED,False,False,0,MISSING,,
potato,ing:potato,raw_ingredient,ingredient,0,0,0,0,,,NOT_ANNOTATED,0,0,0,NOT_ANNOTATED,NOT_ANNOTATED,False,False,0,MISSING,,
red lentil,ing:lentil,raw_ingredient,ingredient,0,0,0,0,,,NOT_ANNOTATED,0,0,0,NOT_ANNOTATED,NOT_ANNOTATED,False,False,0,MISSING,,
red onion,ing:onion,raw_ingredient,ingredient,0,0,0,0,,,NOT_ANNOTATED,0,0,0,NOT_ANNOTATED,NOT_ANNOTATED,False,False,0,MISSING,,
red pepper,ing:bell_pepper,raw_ingredient,ingredient,0,0,0,0,,,NOT_ANNOTATED,0,0,0,NOT_ANNOTATED,NOT_ANNOTATED,False,False,0,MISSING,,
rice,ing:rice,raw_ingredient,ingredient,0,0,0,0,,,NOT_ANNOTATED,0,0,0,NOT_ANNOTATED,NOT_ANNOTATED,False,False,1,MISSING,,
salmon,ing:fish,raw_ingredient,ingredient,0,0,0,0,,,NOT_ANNOTATED,0,0,0,NOT_ANNOTATED,NOT_ANNOTATED,False,False,0,MISSING,,
scallion,ing:onion,raw_ingredient,ingredient,0,0,0,0,,,NOT_ANNOTATED,0,0,0,NOT_ANNOTATED,NOT_ANNOTATED,False,False,0,MISSING,,
scrambled egg,ing:egg,raw_ingredient,ingredient,0,0,0,0,,,NOT_ANNOTATED,0,0,0,NOT_ANNOTATED,NOT_ANNOTATED,False,False,0,MISSING,,
semi skimmed milk,ing:milk,raw_ingredient,ingredient,0,0,0,0,,,NOT_ANNOTATED,0,0,0,NOT_ANNOTATED,NOT_ANNOTATED,False,False,0,MISSING,,
shallot,ing:onion,raw_ingredient,ingredient,0,0,0,0,,,NOT_ANNOTATED,0,0,0,NOT_ANNOTATED,NOT_ANNOTATED,False,False,0,MISSING,,
skim milk,ing:milk,raw_ingredient,ingredient,0,0,0,0,,,NOT_ANNOTATED,0,0,0,NOT_ANNOTATED,NOT_ANNOTATED,False,False,0,MISSING,,
soy sauce,ing:soy_sauce,raw_ingredient,ingredient,0,0,0,0,,,NOT_ANNOTATED,0,0,0,NOT_ANNOTATED,NOT_ANNOTATED,False,False,0,MISSING,,
spaghetti,ing:pasta,raw_ingredient,ingredient,0,0,0,0,,,NOT_ANNOTATED,0,0,0,NOT_ANNOTATED,NOT_ANNOTATED,False,False,0,MISSING,,
spinach,ing:spinach,raw_ingredient,ingredient,0,0,0,0,,,NOT_ANNOTATED,0,0,0,NOT_ANNOTATED,NOT_ANNOTATED,False,False,1,MISSING,,
spring onion,ing:onion,raw_ingredient,ingredient,0,0,0,0,,,NOT_ANNOTATED,0,0,0,NOT_ANNOTATED,NOT_ANNOTATED,False,False,0,MISSING,,
tomato,ing:tomato,raw_ingredient,ingredient,20,18,13,0,0.3815,12.74,NOT_ANNOTATED,0,20,0,NOT_ANNOTATED,NOT_ANNOTATED,False,False,1,COVERED,tomato,EXACT
tuna,ing:fish,raw_ingredient,ingredient,0,0,0,0,,,NOT_ANNOTATED,0,0,0,NOT_ANNOTATED,NOT_ANNOTATED,False,False,0,MISSING,,
turmeric,ing:turmeric,raw_ingredient,ingredient,0,0,0,0,,,NOT_ANNOTATED,0,0,0,NOT_ANNOTATED,NOT_ANNOTATED,False,False,0,MISSING,,
unsalted butter,ing:butter,raw_ingredient,ingredient,0,0,0,0,,,NOT_ANNOTATED,0,0,0,NOT_ANNOTATED,NOT_ANNOTATED,False,False,0,MISSING,,
wheat flour,ing:flour,raw_ingredient,ingredient,0,0,0,0,,,NOT_ANNOTATED,0,0,0,NOT_ANNOTATED,NOT_ANNOTATED,False,False,0,MISSING,,
white fish,ing:fish,raw_ingredient,ingredient,0,0,0,0,,,NOT_ANNOTATED,0,0,0,NOT_ANNOTATED,NOT_ANNOTATED,False,False,0,MISSING,,
white onion,ing:onion,raw_ingredient,ingredient,0,0,0,0,,,NOT_ANNOTATED,0,0,0,NOT_ANNOTATED,NOT_ANNOTATED,False,False,0,MISSING,,
white rice,ing:rice,raw_ingredient,ingredient,0,0,0,0,,,NOT_ANNOTATED,0,0,0,NOT_ANNOTATED,NOT_ANNOTATED,False,False,0,MISSING,,
whole milk,ing:milk,raw_ingredient,ingredient,0,0,0,0,,,NOT_ANNOTATED,0,0,0,NOT_ANNOTATED,NOT_ANNOTATED,False,False,0,MISSING,,
yogurt,ing:yogurt,raw_ingredient,ingredient,20,19,20,0,0.2025,15.73,NOT_ANNOTATED,0,20,0,NOT_ANNOTATED,NOT_ANNOTATED,False,False,1,COVERED,yogurt,EXACT
